<?xml version="1.0" encoding="UTF-8" ?>  
<!DOCTYPE tiles-definitions PUBLIC  
       "-//Apache Software Foundation//DTD Tiles Configuration 3.0//EN"  
       "http://tiles.apache.org/dtds/tiles-config_3_0.dtd">

<tiles-definitions>

	<!-- Base Define -->
	<definition name="base.definition"
		template="/WEB-INF/layouts/classic.jsp">
		<put-attribute name="title" value="" />
		<put-attribute name="header"
			value="/WEB-INF/basefragments/_header.jsp" />
		<put-attribute name="body" value="" />
		<put-attribute name="footer"
			value="/WEB-INF/basefragments/_footer.jsp" />
	</definition>

	<definition name="accountList" extends="base.definition">
		<put-attribute name="title" value="Accounts" />
		<put-attribute name="body"
			value="/WEB-INF/bodyfragments/_accountList.jsp" />
	</definition>
	
	
	<definition name="transaction" extends="base.definition">
		<put-attribute name="title" value="Transaction" />
		<put-attribute name="body"
			value="/WEB-INF/bodyfragments/_transaction.jsp" />
	</definition>
	
	<definition name="transactionList" extends="base.definition">
		<put-attribute name="title" value="Transaction List" />
		<put-attribute name="body"
			value="/WEB-INF/bodyfragments/_transactionList.jsp" />
	</definition>



	

</tiles-definitions> 